title,count(rental.inventory_id)
"EYES DRIVING",5
"CURTAIN VIDEOTAPE",5
"TELEGRAPH VOYAGE",5
"VALLEY PACKER",5
"HURRICANE AFFAIR",5
"MURDER ANTITRUST",5
"KARATE MOON",5
"BRIDE INTRIGUE",5
"CIDER DESIRE",5
"CONQUERER NUTS",5
"LOVE SUICIDES",5
"TROUBLE DATE",5
"WIFE TURN",5
"ANTHEM LUKE",5
"CHAINSAW UPTOWN",5
"GONE TROUBLE",5
"MIDSUMMER GROUNDHOG",5
"ROBBERS JOON",5
"SHEPHERD MIDSUMMER",5
"HAUNTING PIANIST",5
"ALASKA PHANTOM",5
"DAISY MENAGERIE",5
"ENGLISH BULWORTH",5
"MONTEREY LABYRINTH",5
"JEEPERS WEDDING",5
"SUNRISE LEAGUE",5
"LUCKY FLYING",5
"DOOM DANCING",5
"PULP BEVERLY",5
"BOILED DARES",5
"COLOR PHILADELPHIA",5
"MINDS TRUMAN",5
"DESTINY SATURDAY",5
"PLATOON INSTINCT",5
"ELEPHANT TROJAN",5
"BETRAYED REAR",5
"FANTASY TROOPERS",5
"KNOCK WARLOCK",5
"MASK PEACH",5
"PEACH INNOCENT",5
"YENTL IDAHO",5
"BUGSY SONG",5
"PACIFIC AMISTAD",5
"SUSPECTS QUILLS",5
"MADNESS ATTACKS",5
"WITCHES PANIC",5
"FLATLINERS KILLER",5
"GRAIL FRANKENSTEIN",5
"COMFORTS RUSH",5
"ODDS BOOGIE",5
"STRANGERS GRAFFITI",5
"MIRACLE VIRTUAL",5
"POLLOCK DELIVERANCE",5
"SHOW LORD",5
"DARKO DORADO",5
"PERFECT GROOVE",5
"BANGER PINOCCHIO",5
"ADAPTATION HOLES",5
"FURY MURDER",5
"DOWNHILL ENOUGH",5
"HAMLET WISDOM",5
"JINGLE SAGEBRUSH",5
"SWEET BROTHERHOOD",5
"UNFORGIVEN ZOOLANDER",5
"CHICKEN HELLFIGHTERS",5
"ISHTAR ROCKETEER",5
"OPERATION OPERATION",5
"LONELY ELEPHANT",5
"ROSES TREASURE",5
"FEUD FROGMEN",5
"EARLY HOME",5
"SECRETS PARADISE",5
"LAWLESS VISION",5
"ATTRACTION NEWTON",5
"HANKY OCTOBER",5
"AGENT TRUMAN",5
"HUNCHBACK IMPOSSIBLE",5
"SPEED SUIT",5
"TALENTED HOMICIDE",5
"BRANNIGAN SUNRISE",5
"SUGAR WONKA",5
"CELEBRITY HORN",5
"HILLS NEIGHBORS",5
"EASY GLADIATOR",5
"VOLCANO TEXAS",5
"LEBOWSKI SOLDIERS",5
"MALLRATS UNITED",5
"DRIFTER COMMANDMENTS",5
"VALLEY PACKER",5
"MURDER ANTITRUST",5
"ENCOUNTERS CURTAIN",5
"FORWARD TEMPLE",5
"LOVE SUICIDES",5
"DOGMA FAMILY",5
"RUNAWAY TENENBAUMS",5
"WIFE TURN",5
"ANTITRUST TOMATOES",5
"DEER VIRGINIAN",5
"TORQUE BOUND",5
"ROBBERY BRIGHT",5
"BEHAVIOR RUNAWAY",5
"CANDLES GRAPES",5
"FAMILY SWEET",5
"GATHERING CALENDAR",5
"ALASKA PHANTOM",5
"MARRIED GO",5
"DRUMLINE CYCLONE",5
"REDS POCUS",5
"BROTHERHOOD BLANKET",5
"FRENCH HOLIDAY",5
"GUN BONNIE",5
"LUCKY FLYING",5
"DOOM DANCING",5
"ARABIA DOGMA",5
"NOTORIOUS REUNION",5
"LIFE TWISTED",5
"PLUTO OLEANDER",5
"FANTASY TROOPERS",5
"GIANT TROOPERS",5
"ALLEY EVOLUTION",5
"MASK PEACH",5
"THIEF PELICAN",5
"REMEMBER DIARY",5
"HALF OUTFIELD",5
"MOONSHINE CABIN",5
"PACIFIC AMISTAD",5
"SUSPECTS QUILLS",5
"STRANGERS GRAFFITI",5
"LOATHING LEGALLY",5
"WATCH TRACY",5
"SHREK LICENSE",5
"FEATHERS METAL",5
"DYING MAKER",5
"NATURAL STOCK",5
"MASSAGE IMAGE",5
"VIRGIN DAISY",5
"SECRET GROUNDHOG",5
"ZORRO ARK",5
"BUTTERFLY CHOCOLAT",5
"ATLANTIS CAUSE",5
"EXCITEMENT EVE",5
"HAMLET WISDOM",5
"SOUTH WAIT",5
"SWEET BROTHERHOOD",5
"WOMEN DORADO",5
"CHICKEN HELLFIGHTERS",5
"SLEEPLESS MONSOON",5
"LONELY ELEPHANT",5
"MOCKINGBIRD HOLLYWOOD",5
"HIGH ENCINO",5
"FEUD FROGMEN",5
"PHILADELPHIA WIFE",5
"VISION TORQUE",5
"CALENDAR GUNFIGHT",5
"HANKY OCTOBER",5
"EXPENDABLE STALLION",5
"SPICE SORORITY",5
"DISTURBING SCARFACE",5
"SLIPPER FIDELITY",5
"ANGELS LIFE",5
"JADE BUNCH",5
"ORANGE GRAPES",5
"HILLS NEIGHBORS",5
"CLOSER BANG",5
"BEAUTY GREASE",5
"KICK SAVANNAH",5
"BRIGHT ENCOUNTERS",5
"FORWARD TEMPLE",5
"DOGMA FAMILY",5
"WIFE TURN",5
"ANTITRUST TOMATOES",5
"GOODFELLAS SALUTE",5
"MIDSUMMER GROUNDHOG",5
"WANDA CHAMBER",5
"CANDLES GRAPES",5
"MUSIC BOONDOCK",5
"TENENBAUMS COMMAND",5
"WRATH MILE",5
"ENGLISH BULWORTH",5
"JEKYLL FROGMEN",5
"SUNSET RACER",5
"DOOM DANCING",5
"PULP BEVERLY",5
"WIND PHANTOM",5
"HOME PITY",5
"NOTTING SPEAKEASY",5
"LIFE TWISTED",5
"ROCKETEER MOTHER",5
"FANTASY TROOPERS",5
"IDENTITY LOVER",5
"THIEF PELICAN",5
"SEABISCUIT PUNK",5
"HALF OUTFIELD",5
"SONG HEDWIG",5
"MADNESS ATTACKS",5
"DOUBLE WRATH",5
"QUEEN LUKE",5
"UNCUT SUICIDES",5
"HONEY TIES",5
"AMADEUS HOLY",5
"ODDS BOOGIE",5
"MISSION ZOOLANDER",5
"DEVIL DESIRE",5
"SHREK LICENSE",5
"ILLUSION AMELIE",5
"BANGER PINOCCHIO",5
"HANDICAP BOONDOCK",5
"HOUSE DYNAMITE",5
"MOTIONS DETAILS",5
"JOON NORTHWEST",5
"UNITED PILOT",5
"SASSY PACKER",5
"SLEEPLESS MONSOON",5
"POTLUCK MIXED",5
"CAT CONEHEADS",5
"EARRING INSTINCT",5
"STEEL SANTA",5
"PHILADELPHIA WIFE",5
"AUTUMN CROW",5
"HANKY OCTOBER",5
"EXPENDABLE STALLION",5
"DRAGONFLY STRANGERS",5
"RAGING AIRPLANE",5
"SATURDAY LAMBS",5
"MOVIE SHAKESPEARE",5
"JUMPING WRATH",5
"CHOCOLAT HARRY",5
"FORREST SONS",5
"DISTURBING SCARFACE",5
"JADE BUNCH",5
"ORANGE GRAPES",5
"LOSER HUSTLER",5
"BIRDS PERDITION",5
"CELEBRITY HORN",5
"FIDELITY DEVIL",5
"GOLDFINGER SENSIBILITY",5
"HILLS NEIGHBORS",5
"CLOSER BANG",5
"VOYAGE LEGALLY",5
"EASY GLADIATOR",5
"EYES DRIVING",5
"CURTAIN VIDEOTAPE",5
"PAST SUICIDES",5
"REAR TRADING",5
"CINCINATTI WHISPERER",5
"GROOVE FICTION",5
"JAWS HARRY",5
"BLANKET BEVERLY",5
"NOON PAPI",5
"STORM HAPPINESS",5
"PITTSBURGH HUNCHBACK",5
"HAUNTING PIANIST",5
"MUSIC BOONDOCK",5
"DALMATIONS SWEDEN",5
"BROTHERHOOD BLANKET",5
"GUNFIGHT MOON",5
"OUTFIELD MASSACRE",5
"CHARADE DUFFEL",5
"GRADUATE LORD",5
"HOME PITY",5
"SILENCE KANE",5
"COLOR PHILADELPHIA",5
"PLUTO OLEANDER",5
"ELF MURDER",5
"CARIBBEAN LIBERTY",5
"DANCING FEVER",5
"FROST HEAD",5
"HALF OUTFIELD",5
"HORROR REIGN",5
"DOUBLE WRATH",5
"SALUTE APOLLO",5
"WIZARD COLDBLOODED",5
"LOCK REAR",5
"ROOM ROMAN",5
"SHREK LICENSE",5
"FELLOWSHIP AUTUMN",5
"ILLUSION AMELIE",5
"MATRIX SNOWMAN",5
"DARLING BREAKING",5
"REUNION WITCHES",5
"ZORRO ARK",5
"BARBARELLA STREETCAR",5
"AFFAIR PREJUDICE",5
"DOWNHILL ENOUGH",5
"HANDICAP BOONDOCK",5
"SWEETHEARTS SUSPECTS",5
"WOMEN DORADO",5
"ISLAND EXORCIST",5
"TRAP GUYS",5
"WEEKEND PERSONAL",5
"CLERKS ANGELS",5
"RIDGEMONT SUBMARINE",5
"NETWORK PEAK",5
"MERMAID INSECTS",5
"BASIC EASY",5
"MOVIE SHAKESPEARE",5
"JUMPING WRATH",5
"TROJAN TOMORROW",5
"WESTWARD SEABISCUIT",5
"JADE BUNCH",5
"LOST BIRD",5
"GOLDFINGER SENSIBILITY",5
"METROPOLIS COMA",5
"PILOT HOOSIERS",5
"CAMPUS REMEMBER",5
"BAKED CLEOPATRA",5
"MALTESE HOPE",5
"TELEGRAPH VOYAGE",5
"REAR TRADING",5
"VAMPIRE WHALE",5
"FREAKY POCUS",5
"OTHERS SOUP",5
"SUN CONFESSIONS",5
"PRINCESS GIANT",5
"ANYTHING SAVANNAH",5
"BLINDNESS GUN",5
"FIREBALL PHILADELPHIA",5
"HOLLOW JEOPARDY",5
"NOON PAPI",5
"EGG IGBY",5
"FAMILY SWEET",5
"BROTHERHOOD BLANKET",5
"CLASH FREDDY",5
"GUNFIGHT MOON",5
"COMA HEAD",5
"STRAIGHT HOURS",5
"LIGHTS DEER",5
"TRACY CIDER",5
"ELIZABETH SHANE",5
"ROCKY WAR",5
"FARGO GANDHI",5
"GIANT TROOPERS",5
"NAME DETECTIVE",5
"PEAK FOREVER",5
"VIDEOTAPE ARSENIC",5
"ESCAPE METROPOLIS",5
"PACIFIC AMISTAD",5
"SALUTE APOLLO",5
"CHEAPER CLYDE",5
"SLACKER LIAISONS",5
"INTRIGUE WORST",5
"DIARY PANIC",5
"TRAINSPOTTING STRANGERS",5
"SHRUNK DIVINE",5
"GLASS DYING",5
"REUNION WITCHES",5
"HANDICAP BOONDOCK",5
"HOUSE DYNAMITE",5
"PANKY SUBMARINE",5
"FOOL MOCKINGBIRD",5
"ISLAND EXORCIST",5
"POTTER CONNECTICUT",5
"TREATMENT JEKYLL",5
"RIDGEMONT SUBMARINE",5
"NETWORK PEAK",5
"GAMES BOWFINGER",5
"CRUELTY UNFORGIVEN",5
"DRAGONFLY STRANGERS",5
"SATURDAY LAMBS",5
"HUNGER ROOF",5
"MALKOVICH PET",5
"ANGELS LIFE",5
"SUIT WALLS",5
"BLACKOUT PRIVATE",5
"CELEBRITY HORN",5
"CENTER DINOSAUR",5
"HOBBIT ALIEN",5
"METROPOLIS COMA",5
"EDGE KISSING",5
"LEGALLY SECRETARY",5
"FACTORY DRAGON",5
"DRIVER ANNIE",5
"KICK SAVANNAH",5
"CONTACT ANONYMOUS",5
"OTHERS SOUP",5
"SUN CONFESSIONS",5
"TRUMAN CRAZY",5
"APACHE DIVINE",5
"HOLLOW JEOPARDY",5
"COAST RAINBOW",5
"SCORPION APOLLO",5
"CLEOPATRA DEVIL",5
"ENGLISH BULWORTH",5
"SNOWMAN ROLLERCOASTER",5
"CORE SUIT",5
"PUNK DIVORCE",5
"CHARADE DUFFEL",5
"DETAILS PACKER",5
"ELIZABETH SHANE",5
"WASH HEAVENLY",5
"PEAK FOREVER",5
"REQUIEM TYCOON",5
"VIDEOTAPE ARSENIC",5
"ARMAGEDDON LOST",5
"ACADEMY DINOSAUR",5
"HORROR REIGN",5
"JERK PAYCHECK",5
"PACIFIC AMISTAD",5
"STREAK RIDGEMONT",5
"LOCK REAR",5
"MISSION ZOOLANDER",5
"GLASS DYING",5
"HEDWIG ALTER",5
"NECKLACE OUTBREAK",5
"TIMBERLAND SKY",5
"ZORRO ARK",5
"BUTTERFLY CHOCOLAT",5
"ATLANTIS CAUSE",5
"GABLES METROPOLIS",5
"DOWNHILL ENOUGH",5
"PANKY SUBMARINE",5
"SWEETHEARTS SUSPECTS",5
"CHILL LUCK",5
"CONFESSIONS MAGUIRE",5
"DIRTY ACE",5
"ROSES TREASURE",5
"ISLAND EXORCIST",5
"OPERATION OPERATION",5
"LORD ARIZONA",5
"POTTER CONNECTICUT",5
"GO PURPLE",5
"METAL ARMAGEDDON",5
"BABY HALL",5
"GANDHI KWAI",5
"CRUSADE HONEY",5
"CONGENIALITY QUEST",5
"TROJAN TOMORROW",5
"SLUMS DUCK",5
"ANNIE IDENTITY",5
"SUIT WALLS",5
"LOST BIRD",5
"BLACKOUT PRIVATE",5
"BLACKOUT PRIVATE",5
"CENTER DINOSAUR",5
"CLUB GRAFFITI",5
"TOMORROW HUSTLER",5
"VOYAGE LEGALLY",5
"LEGEND JEDI",5
"BALLOON HOMEWARD",5
"GARDEN ISLAND",5
"SCARFACE BANG",5
"WORKING MICROCOSMOS",5
"KICK SAVANNAH",5
"ENDING CROWDS",5
"FREAKY POCUS",5
"OTHERS SOUP",5
"SUNDANCE INVASION",5
"PRINCESS GIANT",5
"TRUMAN CRAZY",5
"CHAMPION FLATLINERS",5
"LIBERTY MAGNIFICENT",5
"MIGHTY LUCK",5
"PITY BOUND",5
"GENTLEMEN STAGE",5
"MARRIED GO",5
"ENGLISH BULWORTH",5
"SUPER WYOMING",5
"DOORS PRESIDENT",5
"SADDLE ANTITRUST",5
"BONNIE HOLOCAUST",5
"CHARIOTS CONSPIRACY",5
"FLAMINGOS CONNECTICUT",5
"GRADUATE LORD",5
"COMA HEAD",5
"NOVOCAINE FLIGHT",5
"LION UNCUT",5
"ROCKY WAR",5
"WASH HEAVENLY",5
"FARGO GANDHI",5
"DURHAM PANKY",5
"VIDEOTAPE ARSENIC",5
"PACKER MADIGAN",5
"SWARM GOLD",5
"SALUTE APOLLO",5
"BORROWERS BEDAZZLED",5
"CHEAPER CLYDE",5
"POND SEATTLE",5
"WATERFRONT DELIVERANCE",5
"HEDWIG ALTER",5
"STAR OPERATION",5
"PERSONAL LADYBUGS",5
"BARBARELLA STREETCAR",5
"EXORCIST STING",5
"CROOKED FROGMEN",5
"GABLES METROPOLIS",5
"DOZEN LION",5
"FOOL MOCKINGBIRD",5
"SLEEPY JAPANESE",5
"OPPOSITE NECKLACE",5
"MOD SECRETARY",5
"TRIP NEWTON",5
"CAT CONEHEADS",5
"DAWN POND",5
"METAL ARMAGEDDON",5
"BEACH HEARTBREAKERS",5
"GANDHI KWAI",5
"HANOVER GALAXY",5
"USUAL UNTOUCHABLES",5
"JUMPING WRATH",5
"BREAKFAST GOLDFINGER",5
"CONGENIALITY QUEST",5
"RUGRATS SHAKESPEARE",5
"WHALE BIKINI",5
"ANNIE IDENTITY",5
"SLUMS DUCK",5
"CENTER DINOSAUR",5
"NIGHTMARE CHILL",5
"MICROCOSMOS PARADISE",5
"EDGE KISSING",5
"VOYAGE LEGALLY",5
"FACTORY DRAGON",5
"HARRY IDAHO",5
"ALAMO VIDEOTAPE",5
"DRIVER ANNIE",5
"WORKING MICROCOSMOS",5
"LOVER TRUMAN",5
"PRINCESS GIANT",5
"FIREBALL PHILADELPHIA",5
"INSIDER ARIZONA",5
"COAST RAINBOW",5
"TOURIST PELICAN",5
"GENTLEMEN STAGE",5
"HAWK CHILL",5
"ICE CROSSING",5
"SPOILERS HELLFIGHTERS",5
"DALMATIONS SWEDEN",5
"PATTON INTERVIEW",5
"REIGN GENTLEMEN",5
"VELVET TERMINATOR",5
"GUNFIGHT MOON",5
"SADDLE ANTITRUST",5
"BOOGIE AMELIE",5
"WASH HEAVENLY",5
"FARGO GANDHI",5
"MOONWALKER FOOL",5
"MADRE GABLES",5
"UNDEFEATED DALMATIONS",5
"CHEAPER CLYDE",5
"SLEEPING SUSPECTS",5
"STREAK RIDGEMONT",5
"FELLOWSHIP AUTUMN",5
"DYNAMITE TARZAN",5
"NEIGHBORS CHARADE",5
"MEET CHOCOLATE",5
"TIMBERLAND SKY",5
"JUGGLER HARDLY",5
"SLEEPY JAPANESE",5
"BIRD INDEPENDENCE",5
"CLONES PINOCCHIO",5
"NETWORK PEAK",5
"BACKLASH UNDEFEATED",5
"AIRPORT POLLOCK",5
"EXPRESS LONELY",5
"VACATION BOONDOCK",5
"HUNTING MUSKETEERS",5
"MULAN MOON",5
"JUNGLE CLOSER",5
"MALKOVICH PET",5
"CHRISTMAS MOONSHINE",5
"FORRESTER COMANCHEROS",5
"GRIT CLOCKWORK",5
"PRIDE ALAMO",5
"RUGRATS SHAKESPEARE",5
"ANNIE IDENTITY",5
"FIGHT JAWBREAKER",5
"GOLDMINE TYCOON",5
"HOBBIT ALIEN",5
"NIGHTMARE CHILL",5
"EFFECT GLADIATOR",5
"RECORDS ZORRO",5
"FREDDY STORM",5
"GROUNDHOG UNCUT",5
"TRUMAN CRAZY",5
"BLOOD ARGONAUTS",5
"CHANCE RESURRECTION",5
"GOODFELLAS SALUTE",5
"INSIDER ARIZONA",5
"COAST RAINBOW",5
"NORTH TEQUILA",5
"STORM HAPPINESS",5
"LICENSE WEEKEND",5
"MILE MULAN",5
"TOURIST PELICAN",5
"SHIP WONDERLAND",5
"KISSING DOLLS",5
"CLEOPATRA DEVIL",5
"SNOWMAN ROLLERCOASTER",5
"PURE RUNNER",5
"GRAFFITI LOVE",5
"ALONE TRIP",5
"STRANGELOVE DESIRE",5
"MINE TITANS",5
"IDOLS SNATCHERS",5
"STAGECOACH ARMAGEDDON",5
"KWAI HOMEWARD",5
"MASSACRE USUAL",5
"DARES PLUTO",5
"PELICAN COMFORTS",5
"SEATTLE EXPECATIONS",5
"ZHIVAGO CORE",5
"ACADEMY DINOSAUR",5
"MOSQUITO ARMAGEDDON",5
"SWARM GOLD",5
"INVASION CYCLONE",5
"ROOTS REMEMBER",5
"TIMBERLAND SKY",5
"HANDICAP BOONDOCK",5
"GALAXY SWEETHEARTS",5
"MAIDEN HOME",5
"UNTOUCHABLES SUNRISE",5
"CONFIDENTIAL INTERVIEW",5
"FOREVER CANDIDATE",5
"DISCIPLE MOTHER",5
"ROUGE SQUAD",5
"WEREWOLF LOLA",5
"SLEUTH ORIENT",5
"OPPOSITE NECKLACE",5
"MODEL FISH",5
"SHAKESPEARE SADDLE",5
"METAL ARMAGEDDON",5
"TITANS JERK",5
"BEACH HEARTBREAKERS",5
"BACKLASH UNDEFEATED",5
"GANDHI KWAI",5
"DREAM PICKUP",5
"RANGE MOONWALKER",5
"HUNTING MUSKETEERS",5
"TEEN APOLLO",5
"MALKOVICH PET",5
"GRIT CLOCKWORK",5
"WHALE BIKINI",5
"DEEP CRUSADE",5
"PINOCCHIO SIMON",5
"EFFECT GLADIATOR",5
"ROAD ROXANNE",5
"LESSON CLEOPATRA",5
"BEDAZZLED MARRIED",5
"CYCLONE FAMILY",5
"HYDE DOCTOR",5
"CIRCUS YOUTH",5
"ENEMY ODDS",5
"JEDI BENEATH",5
"CONTACT ANONYMOUS",5
"OUTBREAK DIVINE",5
"DOLLS RAGE",5
"TURN STAR",5
"RUSH GOODFELLAS",5
"APACHE DIVINE",5
"BLOOD ARGONAUTS",5
"SIEGE MADRE",5
"TOURIST PELICAN",5
"EGYPT TENENBAUMS",5
"ICE CROSSING",5
"ALIEN CENTER",5
"VELVET TERMINATOR",5
"SEA VIRGIN",5
"BUCKET BROTHERHOOD",5
"HOPE TOOTSIE",5
"BOOGIE AMELIE",5
"GRAFFITI LOVE",5
"INTERVIEW LIAISONS",5
"COMA HEAD",5
"STRANGELOVE DESIRE",5
"ROLLERCOASTER BRINGING",5
"SHOOTIST SUPERFLY",5
"HEAVEN FREEDOM",5
"IDOLS SNATCHERS",5
"NASH CHOCOLAT",5
"STAGECOACH ARMAGEDDON",5
"MASSACRE USUAL",5
"PELICAN COMFORTS",5
"DWARFS ALTER",5
"VIDEOTAPE ARSENIC",5
"SEATTLE EXPECATIONS",5
"ARMY FLINTSTONES",5
"EVERYONE CRAFT",5
"HOTEL HAPPINESS",5
"PACKER MADIGAN",5
"SWARM GOLD",5
"AMERICAN CIRCUS",5
"CONEHEADS SMOOCHY",5
"TRAMP OTHERS",5
"ROOTS REMEMBER",5
"DARN FORRESTER",5
"VIRGINIAN PLUTO",5
"CABIN FLASH",5
"AFRICAN EGG",5
"DRACULA CRYSTAL",5
"JUGGLER HARDLY",5
"UPRISING UPTOWN",5
"WEREWOLF LOLA",5
"ANACONDA CONFESSIONS",5
"MODEL FISH",5
"HIGHBALL POTTER",5
"INDEPENDENCE HOTEL",5
"NETWORK PEAK",5
"STEPMOM DREAM",5
"CALIFORNIA BIRDS",5
"BACKLASH UNDEFEATED",5
"AIRPORT POLLOCK",5
"RANGE MOONWALKER",5
"HUNTING MUSKETEERS",5
"KANE EXORCIST",5
"TEEN APOLLO",5
"BREAKING HOME",5
"CONNECTICUT TRAMP",5
"RULES HUMAN",5
"WHISPERER GIANT",5
"JASON TRAP",5
"LOUISIANA HARRY",5
"HOBBIT ALIEN",5
"ROBBERS JOON",5
"FALCON VOLUME",5
"HARRY IDAHO",5
"HYDE DOCTOR",5
"BROOKLYN DESERT",5
"FREDDY STORM",5
"OUTBREAK DIVINE",5
"PRIX UNDEFEATED",5
"APACHE DIVINE",5
"GORGEOUS BINGO",5
"HOLOCAUST HIGHBALL",5
"STORY SIDE",5
"MILE MULAN",5
"WARDROBE PHANTOM",5
"GHOST GROUNDHOG",5
"ALIEN CENTER",5
"DANCES NONE",5
"WYOMING STORM",5
"MOON BUNCH",5
"CRAFT OUTFIELD",5
"SUPERFLY TRIP",5
"MADIGAN DORADO",5
"BOOGIE AMELIE",5
"HOMICIDE PEACH",5
"ALTER VICTORY",5
"INTERVIEW LIAISONS",5
"POCUS PULP",5
"EMPIRE MALKOVICH",5
"HEAVEN FREEDOM",5
"IDOLS SNATCHERS",5
"KWAI HOMEWARD",5
"SEATTLE EXPECATIONS",5
"EVERYONE CRAFT",5
"MOSQUITO ARMAGEDDON",5
"JET NEIGHBORS",5
"SWEDEN SHINING",5
"BORROWERS BEDAZZLED",5
"GREASE YOUTH",5
"AMERICAN CIRCUS",5
"OPEN AFRICAN",5
"LOLA AGENT",5
"TRAMP OTHERS",5
"STATE WASTELAND",5
"VIRGINIAN PLUTO",5
"BAREFOOT MANCHURIAN",5
"DRACULA CRYSTAL",5
"SATISFACTION CONFIDENTIAL",5
"JUGGLER HARDLY",5
"MAIDEN HOME",5
"CHISUM BEHAVIOR",5
"GREEDY ROOTS",5
"ANACONDA CONFESSIONS",5
"OPUS ICE",5
"SUBMARINE BED",5
"PREJUDICE OLEANDER",5
"TRIP NEWTON",5
"HIGHBALL POTTER",5
"VOICE PEACH",5
"TITANS JERK",5
"GANGS PRIDE",5
"AIRPORT POLLOCK",5
"DREAM PICKUP",5
"RANGE MOONWALKER",5
"SAVANNAH TOWN",5
"WORDS HUNTER",5
"SPIKING ELEMENT",5
"KANE EXORCIST",5
"BREAKING HOME",5
"FORWARD TEMPLE",5
"GRIT CLOCKWORK",5
"RULES HUMAN",5
"LOVE SUICIDES",5
"GOLDMINE TYCOON",5
"CLUELESS BUCKET",5
"MIDNIGHT WESTWARD",5
"ROBBERS JOON",5
"WAIT CIDER",5
"MANCHURIAN CURTAIN",5
"DADDY PITTSBURGH",5
"TELEMARK HEARTBREAKERS",5
"DRIVING POLISH",5
"BROOKLYN DESERT",5
"ENEMY ODDS",5
"GROUNDHOG UNCUT",5
"RUSH GOODFELLAS",5
"BLUES INSTINCT",5
"CHANCE RESURRECTION",5
"FISH OPUS",5
"LIES TREATMENT",5
"ROCKETEER MOTHER",5
"MARS ROMAN",5
"DUDE BLINDNESS",5
"SEA VIRGIN",5
"BUCKET BROTHERHOOD",5
"ENOUGH RAGING",5
"SOLDIERS EVOLUTION",5
"JERICHO MULAN",5
"CRAFT OUTFIELD",5
"MADIGAN DORADO",5
"UNBREAKABLE KARATE",5
"SAGEBRUSH CLUELESS",5
"WITCHES PANIC",5
"CHARIOTS CONSPIRACY",5
"SINNERS ATLANTIS",5
"ALTER VICTORY",5
"TRADING PINOCCHIO",5
"EMPIRE MALKOVICH",5
"ROMAN PUNK",5
"WASTELAND DIVINE",5
"BIKINI BORROWERS",5
"FATAL HAUNTED",5
"GILMORE BOILED",5
"HEAVENLY GUN",5
"IDOLS SNATCHERS",5
"RESERVOIR ADAPTATION",5
"SEATTLE EXPECATIONS",5
"ARMY FLINTSTONES",5
"HOURS RAGE",5
"CHICAGO NORTH",5
"OPEN AFRICAN",5
"MOB DUFFEL",5
"WEDDING APOLLO",5
"BINGO TALENTED",5
"HELLFIGHTERS SIERRA",5
"GLEAMING JAWBREAKER",5
"EAGLES PANKY",5
"CADDYSHACK JEDI",5
"HANGING DEEP",5
"GALAXY SWEETHEARTS",5
"WONDERFUL DROP",5
"MOURNING PURPLE",5
"CHISUM BEHAVIOR",5
"CONFIDENTIAL INTERVIEW",5
"CLONES PINOCCHIO",5
"RINGS HEARTBREAKERS",5
"BEAR GRACELAND",5
"GANGS PRIDE",5
"VACATION BOONDOCK",5
"MALLRATS UNITED",5
"MALLRATS UNITED",5
"BLADE POLISH",5
"FIGHT JAWBREAKER",5
"NONE SPIKING",5
"PIRATES ROXANNE",5
"CANDIDATE PERDITION",5
"ALAMO VIDEOTAPE",5
"KING EVOLUTION",5
"DADDY PITTSBURGH",5
"PATIENT SISTER",5
"SCISSORHANDS SLUMS",5
"WORST BANGER",5
"MONSTER SPARTACUS",5
"SNATCH SLIPPER",5
"CONTROL ANTHEM",5
"OUTBREAK DIVINE",5
"SUNRISE LEAGUE",5
"WILLOW TRACY",5
"CHANCE RESURRECTION",5
"GORGEOUS BINGO",5
"INSTINCT AIRPORT",5
"NORTHWEST POLISH",5
"MILLION ACE",5
"BERETS AGENT",5
"KNOCK WARLOCK",5
"MARS ROMAN",5
"WYOMING STORM",5
"BUCKET BROTHERHOOD",5
"ENTRAPMENT SATISFACTION",5
"HORN WORKING",5
"DORADO NOTTING",5
"PURPLE MOVIE",5
"UNBREAKABLE KARATE",5
"WITCHES PANIC",5
"GRAFFITI LOVE",5
"DETECTIVE VISION",5
"FATAL HAUNTED",5
"IDOLS SNATCHERS",5
"HALLOWEEN NUTS",5
"CREEPERS KANE",5
"SWEDEN SHINING",5
"SAMURAI LION",5
"SLEEPING SUSPECTS",5
"TRANSLATION SUMMER",5
"ROSES TREASURE",5
"FERRIS MOTHER",5
"DATE SPEED",5
"SECRETS PARADISE",5
"IMPACT ALADDIN",5
"LANGUAGE COWBOY",5
"AGENT TRUMAN",5
"MOURNING PURPLE",5
"SPEAKEASY DATE",5
"TALENTED HOMICIDE",5
"UPRISING UPTOWN",5
"SLEUTH ORIENT",5
"DAY UNFAITHFUL",5
"RINGS HEARTBREAKERS",5
"BEAR GRACELAND",5
"PARK CITIZEN",5
"SCALAWAG DUCK",5
"WORDS HUNTER",5
"GRIT CLOCKWORK",5
"CONNECTION MICROCOSMOS",5
"SUMMER SCARFACE",5
"RUN PACIFIC",5
"GOLDMINE TYCOON",5
"TOOTSIE PILOT",5
"EFFECT GLADIATOR",5
"ROBBERS JOON",5
"WAIT CIDER",5
"BALLROOM MOCKINGBIRD",5
"DRIVING POLISH",5
"SCISSORHANDS SLUMS",5
"OUTBREAK DIVINE",5
"LUCK OPUS",5
"BLUES INSTINCT",5
"NORTHWEST POLISH",5
"LIES TREATMENT",5
"PIZZA JUMANJI",5
"TOWERS HURRICANE",5
"WARDROBE PHANTOM",5
"GHOSTBUSTERS ELF",5
"HEAD STRANGER",5
"DUDE BLINDNESS",5
"BUCKET BROTHERHOOD",5
"GUYS FALCON",5
"MOON BUNCH",5
"DORADO NOTTING",5
"BOOGIE AMELIE",5
"FLATLINERS KILLER",5
"GRAFFITI LOVE",5
"INTOLERABLE INTENTIONS",5
"OCTOBER SUBMARINE",5
"STRANGER STRANGERS",5
"DETECTIVE VISION",5
"POLISH BROOKLYN",5
"TRADING PINOCCHIO",5
"BILKO ANONYMOUS",5
"IGBY MAKER",5
"STALLION SUNDANCE",5
"LABYRINTH LEAGUE",5
"MASSACRE USUAL",5
"TIES HUNGER",5
"RESURRECTION SILVERADO",5
"SECRET GROUNDHOG",5
"ZOOLANDER FICTION",5
"ARTIST COLDBLOODED",5
"HALLOWEEN NUTS",5
"WEDDING APOLLO",5
"EAGLES PANKY",5
"TITANIC BOONDOCK",5
"HANGING DEEP",5
"PAPI NECKLACE",5
"MAJESTIC FLOATS",5
"UPTOWN YOUNG",5
"CONFIDENTIAL INTERVIEW",5
"ROXANNE REBEL",5
"WEST LION",5
"JACKET FRISCO",5
"CAUSE DATE",5
"BEAR GRACELAND",5
"CAMELOT VACATION",5
"VALENTINE VANISHING",5
"TEEN APOLLO",5
"VALENTINE VANISHING",5
"SCALAWAG DUCK",5
"CONQUERER NUTS",5
"DIVORCE SHINING",5
"SMOKING BARBARELLA",5
"ANTHEM LUKE",5
"CHAINSAW UPTOWN",5
"CLUELESS BUCKET",5
"STONE FIRE",5
"LIAISONS SWEET",5
"DEER VIRGINIAN",5
"TORQUE BOUND",5
"ROBBERS JOON",5
"WAIT CIDER",5
"FALCON VOLUME",5
"MUSCLE BRIGHT",5
"KISS GLORY",5
"SCISSORHANDS SLUMS",5
"HYDE DOCTOR",5
"ENEMY ODDS",5
"GUN BONNIE",5
"LUCK OPUS",5
"PULP BEVERLY",5
"STORY SIDE",5
"MILLION ACE",5
"ROCKETEER MOTHER",5
"WARDROBE PHANTOM",5
"BETRAYED REAR",5
"CAPER MOTIONS",5
"IDAHO LOVE",5
"MYSTIC TRUMAN",5
"KNOCK WARLOCK",5
"MASK PEACH",5
"DANCING FEVER",5
"YENTL IDAHO",5
"BUCKET BROTHERHOOD",5
"CRANES RESERVOIR",5
"OZ LIAISONS",5
"CHASING FIGHT",5
"HONEY TIES",5
"DETECTIVE VISION",5
"POLISH BROOKLYN",5
"ROMAN PUNK",5
"FATAL HAUNTED",5
"GILMORE BOILED",5
"DYING MAKER",5
"LABYRINTH LEAGUE",5
"MASSACRE USUAL",5
"DARKNESS WAR",5
"VIETNAM SMOOCHY",5
"ARTIST COLDBLOODED",5
"FURY MURDER",5
"DOUBTFIRE LABYRINTH",5
"QUILLS BULL",5
"UNFORGIVEN ZOOLANDER",5
"BOULEVARD MOB",5
"STREETCAR INTENTIONS",5
"LOLITA WORLD",5
"ROSES TREASURE",5
"WEDDING APOLLO",5
"BINGO TALENTED",5
"FEUD FROGMEN",5
"MENAGERIE RUSHMORE",5
"RIDGEMONT SUBMARINE",5
"CADDYSHACK JEDI",5
"HANGING DEEP",5
"EXPECATIONS NATURAL",5
"GAMES BOWFINGER",5
"WONDERLAND CHRISTMAS",5
"TALENTED HOMICIDE",5
"MAJESTIC FLOATS",5
"DISTURBING SCARFACE",5
"WEST LION",5
"LOSE INCH",5
"CAUSE DATE",5
"CLOSER BANG",5
"PICKUP DRIVING",5
"VOLCANO TEXAS",5
"SHANE DARKNESS",5
"GANGS PRIDE",5
"HAROLD FRENCH",5
"DRIFTER COMMANDMENTS",5
"KARATE MOON",5
"CIDER DESIRE",5
"FORWARD TEMPLE",5
"LOVE SUICIDES",5
"DOCTOR GRAIL",5
"ANTHEM LUKE",5
"BLADE POLISH",5
"FINDING ANACONDA",5
"GONE TROUBLE",5
"SHEPHERD MIDSUMMER",5
"CANDLES GRAPES",5
"FAMILY SWEET",5
"MUSCLE BRIGHT",5
"PATRIOT ROMAN",5
"TEMPLE ATTRACTION",5
"DROP WATERFRONT",5
"VANISHING ROCKY",5
"SCORPION APOLLO",5
"ENEMY ODDS",5
"GUN BONNIE",5
"SNATCH SLIPPER",5
"DONNIE ALLEY",5
"PULP BEVERLY",5
"WIND PHANTOM",5
"BOILED DARES",5
"FISH OPUS",5
"HOLY TADPOLE",5
"LIES TREATMENT",5
"MILLION ACE",5
"TOWN ARK",5
"ELEPHANT TROJAN",5
"ROCKETEER MOTHER",5
"WARDROBE PHANTOM",5
"FANTASY TROOPERS",5
"MYSTIC TRUMAN",5
"SEABISCUIT PUNK",5
"ENTRAPMENT SATISFACTION",5
"SOMETHING DUCK",5
"OZ LIAISONS",5
"SUSPECTS QUILLS",5
"MADISON TRAP",5
"DORADO NOTTING",5
"WITCHES PANIC",5
"GRAIL FRANKENSTEIN",5
"SINNERS ATLANTIS",5
"COMFORTS RUSH",5
"POLISH BROOKLYN",5
"ROMAN PUNK",5
"SHOW LORD",5
"FATAL HAUNTED",5
"HEAVYWEIGHTS BEAST",5
"IGBY MAKER",5
"NATIONAL STORY",5
"LADY STAGE",5
"RESURRECTION SILVERADO",5
"BUTTERFLY CHOCOLAT",5
"MOTHER OLEANDER",5
"SOUP WISDOM",5
"SWEET BROTHERHOOD",5
"QUILLS BULL",5
"SANTA PARIS",5
"CHICKEN HELLFIGHTERS",5
"FLYING HOOK",5
"GREATEST NORTH",5
"BINGO TALENTED",5
"CASUALTIES ENCINO",5
"FEUD FROGMEN",5
"LAWLESS VISION",5
"RIDGEMONT SUBMARINE",5
"HUNCHBACK IMPOSSIBLE",5
"MOVIE SHAKESPEARE",5
"TALENTED HOMICIDE",5
"BRANNIGAN SUNRISE",5
"MODERN DORADO",5
"HILLS NEIGHBORS",5
"CLOSER BANG",5
"EASY GLADIATOR",5
"RIVER OUTLAW",5
"VOLCANO TEXAS",5
"INDIAN LOVE",5
"NEWTON LABYRINTH",5
"BEAST HUNCHBACK",5
"CAMELOT VACATION",4
"BADMAN DAWN",4
"HARPER DYING",4
"ALADDIN CALENDAR",4
"PARTY KNOCK",4
"DRIFTER COMMANDMENTS",4
"SCALAWAG DUCK",4
"OSCAR GOLD",4
"PRIMARY GLASS",4
"SMOKING BARBARELLA",4
"FINDING ANACONDA",4
"HOLIDAY GAMES",4
"NONE SPIKING",4
"PIRATES ROXANNE",4
"INSECTS STONE",4
"BEHAVIOR RUNAWAY",4
"BANGER PINOCCHIO",4
"MUSCLE BRIGHT",4
"PATRIOT ROMAN",4
"VANISHING ROCKY",4
"WRATH MILE",4
"BROTHERHOOD BLANKET",4
"FRENCH HOLIDAY",4
"SABRINA MIDNIGHT",4
"FISH OPUS",4
"HOLY TADPOLE",4
"ROCKETEER MOTHER",4
"SHOCK CABIN",4
"CAPER MOTIONS",4
"GIANT TROOPERS",4
"ALLEY EVOLUTION",4
"REMEMBER DIARY",4
"ARIZONA BANG",4
"ESCAPE METROPOLIS",4
"FROST HEAD",4
"HALF OUTFIELD",4
"CRANES RESERVOIR",4
"UNCUT SUICIDES",4
"SINNERS ATLANTIS",4
"LOATHING LEGALLY",4
"WATCH TRACY",4
"GILMORE BOILED",4
"NATURAL STOCK",4
"MASSAGE IMAGE",4
"TIGHTS DAWN",4
"RESURRECTION SILVERADO",4
"SECRET GROUNDHOG",4
"ZORRO ARK",4
"ATLANTIS CAUSE",4
"CROOKED FROGMEN",4
"PANIC CLUB",4
"SANTA PARIS",4
"BOULEVARD MOB",4
"FLYING HOOK",4
"SLEEPLESS MONSOON",4
"AMISTAD MIDSUMMER",4
"STRICTLY SCARFACE",4
"WEEKEND PERSONAL",4
"STEEL SANTA",4
"TITANIC BOONDOCK",4
"EXPENDABLE STALLION",4
"SATURDAY LAMBS",4
"MOVIE SHAKESPEARE",4
"JUMANJI BLADE",4
"MAKER GABLES",4
"CHOCOLAT HARRY",4
"GREEK EVERYONE",4
"ROXANNE REBEL",4
"SLIPPER FIDELITY",4
"ANGELS LIFE",4
"ORANGE GRAPES",4
"LOSER HUSTLER",4
"MONEY HAROLD",4
"PICKUP DRIVING",4
"SHANE DARKNESS",4
"BEAUTY GREASE",4
"CURTAIN VIDEOTAPE",4
"SCALAWAG DUCK",4
"WORKER TARZAN",4
"SPIRIT FLINTSTONES",4
"BRIGHT ENCOUNTERS",4
"CONQUERER NUTS",4
"OSCAR GOLD",4
"GOODFELLAS SALUTE",4
"NONE SPIKING",4
"LIAISONS SWEET",4
"PIRATES ROXANNE",4
"WANDA CHAMBER",4
"SHEPHERD MIDSUMMER",4
"INSECTS STONE",4
"BANGER PINOCCHIO",4
"MUSIC BOONDOCK",4
"SPLENDOR PATTON",4
"DAISY MENAGERIE",4
"HYSTERICAL GRAIL",4
"CLASH FREDDY",4
"OUTFIELD MASSACRE",4
"HOME PITY",4
"COLOR PHILADELPHIA",4
"DESTINY SATURDAY",4
"TOWN ARK",4
"ELEPHANT TROJAN",4
"ROCKETEER MOTHER",4
"SHOCK CABIN",4
"NAME DETECTIVE",4
"DANCING FEVER",4
"PEACH INNOCENT",4
"BUGSY SONG",4
"ESCAPE METROPOLIS",4
"CRAZY HOME",4
"MADNESS ATTACKS",4
"DORADO NOTTING",4
"QUEEN LUKE",4
"WITCHES PANIC",4
"AMADEUS HOLY",4
"MIRACLE VIRTUAL",4
"DEVIL DESIRE",4
"STAMPEDE DISTURBING",4
"PERFECT GROOVE",4
"BANGER PINOCCHIO",4
"HOUSE DYNAMITE",4
"MOTIONS DETAILS",4
"JINGLE SAGEBRUSH",4
"CROOKED FROGMEN",4
"FOOL MOCKINGBIRD",4
"GREATEST NORTH",4
"AMISTAD MIDSUMMER",4
"STRICTLY SCARFACE",4
"TRAP GUYS",4
"CAT CONEHEADS",4
"LAWRENCE LOVE",4
"ATTRACTION NEWTON",4
"CROW GREASE",4
"MOVIE SHAKESPEARE",4
"TARZAN VIDEOTAPE",4
"CONFUSED CANDLES",4
"PREJUDICE OLEANDER",4
"WESTWARD SEABISCUIT",4
"LOSER HUSTLER",4
"CELEBRITY HORN",4
"PICKUP DRIVING",4
"EASY GLADIATOR",4
"LEBOWSKI SOLDIERS",4
"LEBOWSKI SOLDIERS",4
"EYES DRIVING",4
"HARPER DYING",4
"TELEGRAPH VOYAGE",4
"DRIFTER COMMANDMENTS",4
"WORKING MICROCOSMOS",4
"SPIRIT FLINTSTONES",4
"GROOVE FICTION",4
"SUN CONFESSIONS",4
"TROUBLE DATE",4
"FIRE WOLVES",4
"HOLIDAY GAMES",4
"LIAISONS SWEET",4
"SPLENDOR PATTON",4
"MARRIED GO",4
"REDS POCUS",4
"VARSITY TRIP",4
"SCORPION APOLLO",4
"CLASH FREDDY",4
"SNATCHERS MONTEZUMA",4
"OUTFIELD MASSACRE",4
"ARABIA DOGMA",4
"SILENCE KANE",4
"COLOR PHILADELPHIA",4
"STRAIGHT HOURS",4
"HEARTBREAKERS BRIGHT",4
"NAME DETECTIVE",4
"KRAMER CHOCOLATE",4
"DANCING FEVER",4
"DURHAM PANKY",4
"ESCAPE METROPOLIS",4
"FROST HEAD",4
"WIZARD COLDBLOODED",4
"FLIGHT LIES",4
"BILKO ANONYMOUS",4
"CARRIE BUNCH",4
"FEATHERS METAL",4
"HEAVYWEIGHTS BEAST",4
"NATURAL STOCK",4
"MATRIX SNOWMAN",4
"DARLING BREAKING",4
"FURY MURDER",4
"RACER EGG",4
"FOOL MOCKINGBIRD",4
"GREATEST NORTH",4
"OPERATION OPERATION",4
"STRICTLY SCARFACE",4
"TRAP GUYS",4
"WEEKEND PERSONAL",4
"HIGH ENCINO",4
"SENSE GREEK",4
"TITANIC BOONDOCK",4
"SPICE SORORITY",4
"TARZAN VIDEOTAPE",4
"CONFUSED CANDLES",4
"PRESIDENT BANG",4
"RUGRATS SHAKESPEARE",4
"WESTWARD SEABISCUIT",4
"SUIT WALLS",4
"DECEIVER BETRAYED",4
"PILOT HOOSIERS",4
"TOMATOES HELLFIGHTERS",4
"EASY GLADIATOR",4
"CLUB GRAFFITI",4
"METROPOLIS COMA",4
"PILOT HOOSIERS",4
"TOMORROW HUSTLER",4
"NIGHTMARE CHILL",4
"TELEGRAPH VOYAGE",4
"SCALAWAG DUCK",4
"WORKING MICROCOSMOS",4
"HUSTLER PARTY",4
"SPIRIT FLINTSTONES",4
"BRIGHT ENCOUNTERS",4
"OTHERS SOUP",4
"DOGMA FAMILY",4
"PRINCESS GIANT",4
"ANYTHING SAVANNAH",4
"CHAMBER ITALIAN",4
"HOLIDAY GAMES",4
"DESERT POSEIDON",4
"WANDA CHAMBER",4
"SHEPHERD MIDSUMMER",4
"INSIDER ARIZONA",4
"ALASKA PHANTOM",4
"KISS GLORY",4
"DRUMLINE CYCLONE",4
"ENGLISH BULWORTH",4
"MONTEZUMA COMMAND",4
"LUKE MUMMY",4
"DOOM DANCING",4
"PULP BEVERLY",4
"BONNIE HOLOCAUST",4
"TRACY CIDER",4
"WARS PLUTO",4
"SHOCK CABIN",4
"GIANT TROOPERS",4
"MASKED BUBBLE",4
"VICTORY ACADEMY",4
"SEABISCUIT PUNK",4
"ARMAGEDDON LOST",4
"ESCAPE METROPOLIS",4
"MOONSHINE CABIN",4
"SONG HEDWIG",4
"MADNESS ATTACKS",4
"CHASING FIGHT",4
"STRANGERS GRAFFITI",4
"MISSION ZOOLANDER",4
"DEVIL DESIRE",4
"TIGHTS DAWN",4
"VIRGIN DAISY",4
"EXCITEMENT EVE",4
"GABLES METROPOLIS",4
"HOUSE DYNAMITE",4
"MOTIONS DETAILS",4
"RACER EGG",4
"CHILL LUCK",4
"DIRTY ACE",4
"HIGH ENCINO",4
"INCH JET",4
"STEEL SANTA",4
"PHILADELPHIA WIFE",4
"AUTUMN CROW",4
"HANKY OCTOBER",4
"AIRPLANE SIERRA",4
"WONKA SEA",4
"HUNGER ROOF",4
"TAXI KICK",4
"BREAKFAST GOLDFINGER",4
"DIVIDE MONSTER",4
"RUGRATS SHAKESPEARE",4
"SLUMS DUCK",4
"BLACKOUT PRIVATE",4
"GOLDFINGER SENSIBILITY",4
"HOBBIT ALIEN",4
"CLUB GRAFFITI",4
"TOMORROW HUSTLER",4
"STING PERSONAL",4
"LEGALLY SECRETARY",4
"ALADDIN CALENDAR",4
"WORKING MICROCOSMOS",4
"CINCINATTI WHISPERER",4
"CHAMBER ITALIAN",4
"SIDE ARK",4
"STORM HAPPINESS",4
"MIDSUMMER GROUNDHOG",4
"DESERT POSEIDON",4
"PITTSBURGH HUNCHBACK",4
"TORQUE BOUND",4
"ROBBERY BRIGHT",4
"BENEATH RUSH",4
"CANYON STOCK",4
"HAUNTING PIANIST",4
"ALASKA PHANTOM",4
"WRONG BEHAVIOR",4
"ARACHNOPHOBIA ROLLERCOASTER",4
"ENGLISH BULWORTH",4
"LUST LOCK",4
"WIND PHANTOM",4
"BONNIE HOLOCAUST",4
"HOMEWARD CIDER",4
"PLUTO OLEANDER",4
"STAGE WORLD",4
"YOUNG LANGUAGE",4
"HORROR REIGN",4
"MOONWALKER FOOL",4
"QUEEN LUKE",4
"BORN SPINAL",4
"FLIGHT LIES",4
"GRAPES FURY",4
"AMADEUS HOLY",4
"STREAK RIDGEMONT",4
"BILL OTHERS",4
"FELLOWSHIP AUTUMN",4
"MAUDE MOD",4
"TIGHTS DAWN",4
"VIRGINIAN PLUTO",4
"SECRETARY ROUGE",4
"BARBARELLA STREETCAR",4
"BUTTERFLY CHOCOLAT",4
"EXCITEMENT EVE",4
"MAGUIRE APACHE",4
"SLEEPY JAPANESE",4
"GO PURPLE",4
"CLOCKWORK PARADISE",4
"SENSIBILITY REAR",4
"STEERS ARMAGEDDON",4
"MERMAID INSECTS",4
"CALENDAR GUNFIGHT",4
"RANDOM GO",4
"WONKA SEA",4
"MOVIE SHAKESPEARE",4
"PARIS WEEKEND",4
"CONGENIALITY QUEST",4
"DIVIDE MONSTER",4
"JAPANESE RUN",4
"FIDELITY DEVIL",4
"DECEIVER BETRAYED",4
"TOMORROW HUSTLER",4
"VOYAGE LEGALLY",4
"INNOCENT USUAL",4
"BEAUTY GREASE",4
"CAMPUS REMEMBER",4
"HARPER DYING",4
"MURDER ANTITRUST",4
"ALADDIN CALENDAR",4
"MALTESE HOPE",4
"REAR TRADING",4
"ENCOUNTERS CURTAIN",4
"FREAKY POCUS",4
"DOGMA FAMILY",4
"PRINCESS GIANT",4
"RUSH GOODFELLAS",4
"WIFE TURN",4
"JEDI BENEATH",4
"CHAMPION FLATLINERS",4
"NOON PAPI",4
"STORM HAPPINESS",4
"TORQUE BOUND",4
"ROCK INSTINCT",4
"CANYON STOCK",4
"FAMILY SWEET",4
"GENTLEMEN STAGE",4
"HAUNTING PIANIST",4
"HYSTERICAL GRAIL",4
"DRUMS DYNAMITE",4
"REEF SALUTE",4
"VARSITY TRIP",4
"BROTHERHOOD BLANKET",4
"FRIDA SLIPPER",4
"GUNFIGHT MOON",4
"HOPE TOOTSIE",4
"TWISTED PIRATES",4
"SABRINA MIDNIGHT",4
"WINDOW SIDE",4
"HOMEWARD CIDER",4
"NOVOCAINE FLIGHT",4
"TRACY CIDER",4
"HEARTBREAKERS BRIGHT",4
"NAME DETECTIVE",4
"STAGE WORLD",4
"MASKED BUBBLE",4
"DURHAM PANKY",4
"SEARCHERS WAIT",4
"ESCAPE METROPOLIS",4
"FROST HEAD",4
"CREATURES SHAKESPEARE",4
"MADNESS ATTACKS",4
"DOUBLE WRATH",4
"QUEEN LUKE",4
"UNDEFEATED DALMATIONS",4
"SALUTE APOLLO",4
"GRAPES FURY",4
"AMADEUS HOLY",4
"INVASION CYCLONE",4
"DIARY PANIC",4
"WATERFRONT DELIVERANCE",4
"FELLOWSHIP AUTUMN",4
"LADYBUGS ARMAGEDDON",4
"MAUDE MOD",4
"REUNION WITCHES",4
"VIRGINIAN PLUTO",4
"BARBARELLA STREETCAR",4
"CROOKED FROGMEN",4
"MAIDEN HOME",4
"UNITED PILOT",4
"WON DARES",4
"SLEEPY JAPANESE",4
"STRICTLY SCARFACE",4
"MOD SECRETARY",4
"INCH JET",4
"STEERS ARMAGEDDON",4
"PIANIST OUTFIELD",4
"TITANS JERK",4
"BEACH HEARTBREAKERS",4
"AIRPLANE SIERRA",4
"MULAN MOON",4
"SPICE SORORITY",4
"JUMPING WRATH",4
"PARIS WEEKEND",4
"TAXI KICK",4
"FORRESTER COMANCHEROS",4
"GRINCH MASSAGE",4
"DIVIDE MONSTER",4
"HOBBIT ALIEN",4
"FACTORY DRAGON",4
"ALADDIN CALENDAR",4
"REBEL AIRPORT",4
"VAMPIRE WHALE",4
"BRINGING HYSTERICAL",4
"CIRCUS YOUTH",4
"GROSSE WONDERFUL",4
"LOVELY JINGLE",4
"WIFE TURN",4
"APACHE DIVINE",4
"GOODFELLAS SALUTE",4
"COAST RAINBOW",4
"NORTH TEQUILA",4
"TOURIST PELICAN",4
"WAR NOTTING",4
"ICE CROSSING",4
"KISSING DOLLS",4
"DRUMS DYNAMITE",4
"VARSITY TRIP",4
"WRONG BEHAVIOR",4
"ARACHNOPHOBIA ROLLERCOASTER",4
"BUBBLE GROSSE",4
"MOON BUNCH",4
"WINDOW SIDE",4
"HOMEWARD CIDER",4
"DETAILS PACKER",4
"POCUS PULP",4
"TRACY CIDER",4
"HEAVEN FREEDOM",4
"STAGECOACH ARMAGEDDON",4
"KWAI HOMEWARD",4
"SEARCHERS WAIT",4
"YOUTH KICK",4
"UNDEFEATED DALMATIONS",4
"AMELIE HELLFIGHTERS",4
"COMMAND DARLING",4
"LOCK REAR",4
"CASABLANCA SUPER",4
"FELLOWSHIP AUTUMN",4
"NECKLACE OUTBREAK",4
"TIMBERLAND SKY",4
"AFFAIR PREJUDICE",4
"SOUTH WAIT",4
"JOON NORTHWEST",4
"UNITED PILOT",4
"ANACONDA CONFESSIONS",4
"HIGH ENCINO",4
"VOICE PEACH",4
"NETWORK PEAK",4
"TITANS JERK",4
"EXPENDABLE STALLION",4
"DRAGONFLY STRANGERS",4
"MULAN MOON",4
"FORRESTER COMANCHEROS",4
"DIVIDE MONSTER",4
"PRIDE ALAMO",4
"ANNIE IDENTITY",4
"JASON TRAP",4
"SUMMER SCARFACE",4
"FIDELITY DEVIL",4
"CLUB GRAFFITI",4
"DEEP CRUSADE",4
"ROAD ROXANNE",4
"INNOCENT USUAL",4
"BALLOON HOMEWARD",4
"MURDER ANTITRUST",4
"SPIRITED CASUALTIES",4
"PATHS CONTROL",4
"REBEL AIRPORT",4
"HUSTLER PARTY",4
"KILLER INNOCENT",4
"BRINGING HYSTERICAL",4
"ENDING CROWDS",4
"CONTACT ANONYMOUS",4
"DOGMA FAMILY",4
"TRUMAN CRAZY",4
"BLINDNESS GUN",4
"CHAMPION FLATLINERS",4
"GOODFELLAS SALUTE",4
"HOLLYWOOD ANONYMOUS",4
"SIEGE MADRE",4
"MIGHTY LUCK",4
"PITY BOUND",4
"EGYPT TENENBAUMS",4
"FANTASIA PARK",4
"MUSKETEERS WAIT",4
"KISSING DOLLS",4
"MARRIED GO",4
"ARACHNOPHOBIA ROLLERCOASTER",4
"CLEOPATRA DEVIL",4
"MOON BUNCH",4
"SNOWMAN ROLLERCOASTER",4
"CORE SUIT",4
"SUPER WYOMING",4
"DOORS PRESIDENT",4
"WINDOW SIDE",4
"FLAMINGOS CONNECTICUT",4
"HOMEWARD CIDER",4
"SILVERADO GOLDFINGER",4
"INTERVIEW LIAISONS",4
"NOVOCAINE FLIGHT",4
"STRANGELOVE DESIRE",4
"LION UNCUT",4
"MINE TITANS",4
"DETAILS PACKER",4
"TRACY CIDER",4
"EMPIRE MALKOVICH",4
"BEVERLY OUTLAW",4
"STAGECOACH ARMAGEDDON",4
"MASKED BUBBLE",4
"DANGEROUS UPTOWN",4
"PEAK FOREVER",4
"THIN SAGEBRUSH",4
"DURHAM PANKY",4
"REQUIEM TYCOON",4
"SEARCHERS WAIT",4
"ZHIVAGO CORE",4
"EVE RESURRECTION",4
"FROST HEAD",4
"SONS INTERVIEW",4
"CREATURES SHAKESPEARE",4
"WOLVES DESIRE",4
"FLINTSTONES HAPPINESS",4
"GRAPES FURY",4
"HOOK CHARIOTS",4
"AMELIE HELLFIGHTERS",4
"OLEANDER CLUE",4
"TRAMP OTHERS",4
"WATERFRONT DELIVERANCE",4
"BILL OTHERS",4
"CASABLANCA SUPER",4
"DARN FORRESTER",4
"LAMBS CINCINATTI",4
"BARBARELLA STREETCAR",4
"CABIN FLASH",4
"MOULIN WAKE",4
"PANTHER REDS",4
"SWEETHEARTS SUSPECTS",4
"MAIDEN HOME",4
"GREATEST NORTH",4
"CONFIDENTIAL INTERVIEW",4
"DISCIPLE MOTHER",4
"LOSE INCH",4
"HIGHBALL POTTER",4
"EARRING INSTINCT",4
"STEERS ARMAGEDDON",4
"LEAGUE HELLFIGHTERS",4
"METAL ARMAGEDDON",4
"PIANIST OUTFIELD",4
"HANOVER GALAXY",4
"CUPBOARD SINNERS",4
"SATURN NAME",4
"PARIS WEEKEND",4
"TAXI KICK",4
"RUGRATS SHAKESPEARE",4
"WHALE BIKINI",4
"WHALE BIKINI",4
"LOUISIANA HARRY",4
"CLUE GRAIL",4
"PINOCCHIO SIMON",4
"WAGON JAWS",4
"SHAWSHANK BUBBLE",4
"BALLOON HOMEWARD",4
"HARRY IDAHO",4
"CYCLONE FAMILY",4
"TELEMARK HEARTBREAKERS",4
"SCARFACE BANG",4
"WORLD LEATHERNECKS",4
"CONTACT ANONYMOUS",4
"DOGMA FAMILY",4
"SIEGE MADRE",4
"DESIRE ALIEN",4
"ROCK INSTINCT",4
"CANYON STOCK",4
"FANTASIA PARK",4
"GHOST GROUNDHOG",4
"MARRIED GO",4
"PATTON INTERVIEW",4
"VELVET TERMINATOR",4
"ARACHNOPHOBIA ROLLERCOASTER",4
"ENOUGH RAGING",4
"FRISCO FORREST",4
"GUNFIGHTER MUSSOLINI",4
"HOPE TOOTSIE",4
"MOON BUNCH",4
"JEOPARDY ENCINO",4
"TYCOON GATHERING",4
"SADDLE ANTITRUST",4
"HOMICIDE PEACH",4
"INTERVIEW LIAISONS",4
"COMA HEAD",4
"DETAILS PACKER",4
"WASH HEAVENLY",4
"SHOOTIST SUPERFLY",4
"FARGO GANDHI",4
"NASH CHOCOLAT",4
"DURHAM PANKY",4
"BULL SHAWSHANK",4
"HALL CASSIDY",4
"HOTEL HAPPINESS",4
"MADRE GABLES",4
"WOLVES DESIRE",4
"FLINTSTONES HAPPINESS",4
"GREASE YOUTH",4
"HOOSIERS BIRDCAGE",4
"OLEANDER CLUE",4
"LOLA AGENT",4
"BILL OTHERS",4
"FELLOWSHIP AUTUMN",4
"GLEAMING JAWBREAKER",4
"DYNAMITE TARZAN",4
"VIRGINIAN PLUTO",4
"ATTACKS HATE",4
"CROSSROADS CASUALTIES",4
"DRACULA CRYSTAL",4
"BOUND CHEAPER",4
"CHILL LUCK",4
"ANACONDA CONFESSIONS",4
"ISLAND EXORCIST",4
"SUBMARINE BED",4
"TRIP NEWTON",4
"BIRD INDEPENDENCE",4
"CAT CONEHEADS",4
"RIGHT CRANES",4
"VOICE PEACH",4
"HANOVER GALAXY",4
"EXPRESS LONELY",4
"SATURN NAME",4
"JUNGLE CLOSER",4
"CHRISTMAS MOONSHINE",4
"FORRESTER COMANCHEROS",4
"CONNECTICUT TRAMP",4
"ORIENT CLOSER",4
"DIVINE RESURRECTION",4
"PRIMARY GLASS",4
"RULES HUMAN",4
"FIGHT JAWBREAKER",4
"HOBBIT ALIEN",4
"NIGHTMARE CHILL",4
"TOMORROW HUSTLER",4
"INNOCENT USUAL",4
"FALCON VOLUME",4
"BALLOON HOMEWARD",4
"HARRY IDAHO",4
"SPIRITED CASUALTIES",4
"PATIENT SISTER",4
"DRIVING POLISH",4
"VANILLA DAY",4
"WORLD LEATHERNECKS",4
"SMOOCHY CONTROL",4
"WILD APOLLO",4
"INSIDER ARIZONA",4
"COLDBLOODED DARLING",4
"DESIRE ALIEN",4
"BERETS AGENT",4
"FANTASIA PARK",4
"GHOST GROUNDHOG",4
"MUSKETEERS WAIT",4
"SPY MILE",4
"KISSING DOLLS",4
"DANCES NONE",4
"PATTON INTERVIEW",4
"DUCK RACER",4
"REIGN GENTLEMEN",4
"JEOPARDY ENCINO",4
"COWBOY DOOM",4
"FLASH WARS",4
"HOMICIDE PEACH",4
"ALONE TRIP",4
"POCUS PULP",4
"WASH HEAVENLY",4
"CAROL TEXAS",4
"BIKINI BORROWERS",4
"KWAI HOMEWARD",4
"ACADEMY DINOSAUR",4
"QUEST MUSSOLINI",4
"BORROWERS BEDAZZLED",4
"INVASION CYCLONE",4
"OPEN AFRICAN",4
"LOLA AGENT",4
"POND SEATTLE",4
"WATERSHIP FRONTIER",4
"FERRIS MOTHER",4
"STATE WASTELAND",4
"TIMBERLAND SKY",4
"BAREFOOT MANCHURIAN",4
"HANDICAP BOONDOCK",4
"HUMAN GRAFFITI",4
"SWEETHEARTS SUSPECTS",4
"BOUND CHEAPER",4
"SLEUTH ORIENT",4
"OPUS ICE",4
"SUBMARINE BED",4
"GO PURPLE",4
"CLONES PINOCCHIO",4
"EARTH VISION",4
"METAL ARMAGEDDON",4
"TITANS JERK",4
"GANGS PRIDE",4
"HANOVER GALAXY",4
"DREAM PICKUP",4
"SAVANNAH TOWN",4
"MULHOLLAND BEAST",4
"SPIKING ELEMENT",4
"CHRISTMAS MOONSHINE",4
"FORRESTER COMANCHEROS",4
"ENCINO ELF",4
"FORRESTER COMANCHEROS",4
"GRIT CLOCKWORK",4
"DIVINE RESURRECTION",4
"SMILE EARRING",4
"ANONYMOUS HUMAN",4
"CENTER DINOSAUR",4
"PINOCCHIO SIMON",4
"TOOTSIE PILOT",4
"WAGON JAWS",4
"BALLOON HOMEWARD",4
"MUSCLE BRIGHT",4
"SPLASH GUMP",4
"PATIENT SISTER",4
"TELEMARK HEARTBREAKERS",4
"CITIZEN SHREK",4
"GROUNDHOG UNCUT",4
"MONSOON CAUSE",4
"LOVERBOY ATTACKS",4
"TURN STAR",4
"RUSH GOODFELLAS",4
"BLUES INSTINCT",4
"SHIP WONDERLAND",4
"SPY MILE",4
"VELVET TERMINATOR",4
"SEA VIRGIN",4
"BUCKET BROTHERHOOD",4
"ENOUGH RAGING",4
"HORN WORKING",4
"OZ LIAISONS",4
"UNBREAKABLE KARATE",4
"WISDOM WORKER",4
"CHARIOTS CONSPIRACY",4
"GRAFFITI LOVE",4
"DETECTIVE VISION",4
"SHOOTIST SUPERFLY",4
"BIKINI BORROWERS",4
"FATAL HAUNTED",4
"STAGECOACH ARMAGEDDON",4
"VIDEOTAPE ARSENIC",4
"BULL SHAWSHANK",4
"ARMY FLINTSTONES",4
"CREEPERS KANE",4
"PACKER MADIGAN",4
"QUEST MUSSOLINI",4
"UNFAITHFUL KILL",4
"SAMURAI LION",4
"FLINTSTONES HAPPINESS",4
"CONEHEADS SMOOCHY",4
"STREETCAR INTENTIONS",4
"BINGO TALENTED",4
"CASPER DRAGONFLY",4
"FERRIS MOTHER",4
"DARN FORRESTER",4
"GLEAMING JAWBREAKER",4
"EAGLES PANKY",4
"SECRETARY ROUGE",4
"TIMBERLAND SKY",4
"HANDICAP BOONDOCK",4
"AFRICAN EGG",4
"EXPECATIONS NATURAL",4
"WONDERFUL DROP",4
"MOURNING PURPLE",4
"RAGE GAMES",4
"ROUGE SQUAD",4
"WEREWOLF LOLA",4
"SLEUTH ORIENT",4
"NEWSIES STORY",4
"LEAGUE HELLFIGHTERS",4
"BEAR GRACELAND",4
"CAMELOT VACATION",4
"BACKLASH UNDEFEATED",4
"VACATION BOONDOCK",4
"MALLRATS UNITED",4
"CHRISTMAS MOONSHINE",4
"CONNECTICUT TRAMP",4
"DIVINE RESURRECTION",4
"JASON TRAP",4
"FIGHT JAWBREAKER",4
"NONE SPIKING",4
"STOCK GLASS",4
"TOOTSIE PILOT",4
"SHAWSHANK BUBBLE",4
"BEDAZZLED MARRIED",4
"MUSCLE BRIGHT",4
"SPLASH GUMP",4
"VANISHED GARDEN",4
"SCHOOL JACKET",4
"WORST BANGER",4
"HYDE DOCTOR",4
"CITIZEN SHREK",4
"SUNDANCE INVASION",4
"LOVERBOY ATTACKS",4
"WILLOW TRACY",4
"GORGEOUS BINGO",4
"SIERRA DIVIDE",4
"COLDBLOODED DARLING",4
"NORTHWEST POLISH",4
"STORY SIDE",4
"TOWERS HURRICANE",4
"GHOST GROUNDHOG",4
"HEAD STRANGER",4
"SPY MILE",4
"PAYCHECK WAIT",4
"VELVET TERMINATOR",4
"ARIZONA BANG",4
"FROGMEN BREAKING",4
"HORN WORKING",4
"SUSPECTS QUILLS",4
"FLASH WARS",4
"HOMICIDE PEACH",4
"COMANCHEROS ENEMY",4
"NUTS TIES",4
"POCUS PULP",4
"SHOW LORD",4
"NATIONAL STORY",4
"STAGECOACH ARMAGEDDON",4
"MASSACRE USUAL",4
"VIETNAM SMOOCHY",4
"BULWORTH COMMANDMENTS",4
"FUGITIVE MAGUIRE",4
"DOUBLE WRATH",4
"JET NEIGHBORS",4
"SWEDEN SHINING",4
"MAGIC MALLRATS",4
"QUEST MUSSOLINI",4
"SAMURAI LION",4
